polling_period,ewma_cvp,ewma_fdp,ewma_other,ewma_sp,ewma_svp
2017-10-02,10.9,17.1,25.599999999999998,17.7,28.7
2018-01-05,10.076753560870735,16.779848607005285,25.325584520290242,18.157359132849592,29.660454178984143
2018-06-22,10.051225765195484,16.65351313126768,25.6829289682247,18.105022384619964,29.507309750692162
2018-09-18,10.064529120155715,16.938946338610933,25.633034407980844,18.43095699847183,28.932533134780673
2018-09-25,9.993001769074851,16.96548879303368,25.57519906067895,18.20012887757388,29.266181499638634
2019-02-07,10.34673897279989,17.083088630357604,25.933754541994343,17.983575140104556,28.652842714743603
2019-02-20,10.123369486399945,16.491544315178803,26.26687727099717,18.191787570052277,28.9264213573718
2019-05-23,10.198599243356988,16.069229753992957,26.877267131701636,17.93973579169399,28.91516807925443
2019-05-27,10.291982542201556,16.099652608859955,27.045406275208833,18.209663781389477,28.35329479234018
2019-07-08,10.009486057842043,16.553438709665553,28.15080796999921,18.403715492153445,26.882551770339745
2019-08-25,10.082565042014789,16.60965795585494,27.939524289309738,18.51736686388138,26.850885848939157
2019-09-24,10.22840796423701,16.145778779908415,28.01325355574373,18.279666845684513,27.332892854426326
2019-10-02,10.329161900835203,15.889339120131673,28.199458858991306,18.25806587594738,27.323974244094437
2019-10-17,10.057457069417994,16.236272201471174,28.91598102852553,18.499380519903735,26.290909180681567
