date,party,mean_pred,sd_pred,lower_ci,upper_ci
2022-09-04,fdp,0.16163375158687845,0.016634482352121165,0.1295984624284231,0.19740501232696958
2022-09-04,cvp,0.13362543953966188,0.016679703672132454,0.10139563300167947,0.169494774710212
2022-09-04,sp,0.16242430545593559,0.020305111908179647,0.12552068901094668,0.20783407954178468
2022-09-04,svp,0.26123960477444874,0.03630015424456948,0.19511816737689122,0.33896782736992004
2022-09-04,other,0.28107689864307533,0.018995251851441592,0.24366074693451534,0.31949687686677763
2022-09-11,fdp,0.1617240083591538,0.014601342581739727,0.13360443081619777,0.19270959215888134
2022-09-11,cvp,0.1334147690795247,0.014464655512885834,0.10530410457802282,0.16470399608931577
2022-09-11,sp,0.16174675045836195,0.018243697476116257,0.12929194298063368,0.20190525299902867
2022-09-11,svp,0.2619211928040804,0.03127622381033636,0.2028917482267418,0.32812090016374085
2022-09-11,other,0.28119327929887916,0.01630167068503905,0.24856809522619255,0.3132104041042183
2022-09-18,fdp,0.1612415843453806,0.011659988974963035,0.13831099838667066,0.1860461991541867
2022-09-18,cvp,0.13311810948882788,0.01187530356389775,0.11080336089795217,0.15848809330950497
2022-09-18,sp,0.16192999344921988,0.015003474873924283,0.13551459919446926,0.19437335914452514
2022-09-18,svp,0.26306029591845903,0.026189708332975736,0.21128868609964765,0.31597887754100146
2022-09-18,other,0.2806500167981126,0.013546946181726022,0.25442743236566306,0.30742697952832027
2022-09-25,fdp,0.1608494337310315,0.00824096045372553,0.14491922916242403,0.17862736737418847
2022-09-25,cvp,0.13284262468293986,0.00856385929071127,0.11669096773919305,0.1512077138112408
2022-09-25,sp,0.16207509646481294,0.010534399335638881,0.14301641160183884,0.18385022835436146
2022-09-25,svp,0.2635628664727496,0.01965154227989243,0.2264711642581214,0.29845359182296394
2022-09-25,other,0.28066997864846605,0.010348643514318108,0.26204611744008666,0.3016301930363578
2022-10-02,fdp,0.1612106847361149,0.002418403390298002,0.15651022303160717,0.16599632446920712
2022-10-02,cvp,0.13301028213707938,0.002208471277584716,0.12860633296579146,0.13742524017976163
2022-10-02,sp,0.16290330345595094,0.002441042164488459,0.15793649014301886,0.16779500067139339
2022-10-02,svp,0.26144494391875805,0.0031167840707353733,0.2554787070800118,0.26686289826214404
2022-10-02,other,0.2814307857520967,0.0032240473092578683,0.2761219396058928,0.28767445937878494
2022-10-09,fdp,0.16076969042008235,0.008138008214128065,0.1449308742032549,0.17744895780956635
2022-10-09,cvp,0.132961413299355,0.008572925009925332,0.11642762532861459,0.15109997286535237
2022-10-09,sp,0.16442977966872305,0.010464049850029515,0.14409012869701354,0.18412612623290378
2022-10-09,svp,0.26170744140391006,0.018740117011678846,0.22557245870797443,0.30046567960780735
2022-10-09,other,0.28013167520792953,0.009720492458267123,0.2614397455972413,0.2999868735370697
2022-10-16,fdp,0.16080938640209488,0.010949839533831924,0.13849947360392775,0.18380903895431483
2022-10-16,cvp,0.1334258317398945,0.011345891936436566,0.11177121155805392,0.15708235436693596
2022-10-16,sp,0.16562928390207277,0.014691980718091182,0.13790002204869253,0.1930853266972261
2022-10-16,svp,0.26102507079292175,0.02575498895798369,0.21421047183815317,0.3160880994892312
2022-10-16,other,0.2791104271630161,0.013000890837139692,0.2531111448025769,0.3049046555097079
2022-10-23,fdp,0.16066736252646882,0.013239785435628834,0.13421216734581937,0.18805729625235473
2022-10-23,cvp,0.13446377239413096,0.013653226519088554,0.10790266807046239,0.16215141225076476
2022-10-23,sp,0.16473683305295572,0.016640872340837866,0.13281528032889256,0.20050221761076353
2022-10-23,svp,0.26254035011405574,0.030110957770888406,0.2057001744244818,0.325388554522718
2022-10-23,other,0.27759168191238875,0.015468830324860761,0.2483114169316066,0.3081822809874844
2022-10-30,fdp,0.16052032251841672,0.01450756165624543,0.13101240908655096,0.1909246337414844
2022-10-30,cvp,0.13447103508094324,0.014955863731126508,0.1064568277229443,0.16523342300910368
2022-10-30,sp,0.16604332636549282,0.018601943018833153,0.1307578807038624,0.2044981482701711
2022-10-30,svp,0.26245959343248826,0.033846318335879075,0.19889497424110608,0.3356433869613724
2022-10-30,other,0.276505722602659,0.017401637956256533,0.24313465129129883,0.3117795414088294
2022-11-06,fdp,0.1605914687678683,0.015688422057987907,0.12837110027802612,0.19232423725870684
2022-11-06,cvp,0.13379497074575325,0.01631433987019918,0.10352644067912456,0.16844684115290778
2022-11-06,sp,0.16692664292453716,0.019936856265965537,0.12838704396143172,0.20718802986943902
2022-11-06,svp,0.2631593237853049,0.03625763877765783,0.19590051887742668,0.33938535237346523
2022-11-06,other,0.27552759377653646,0.018507567245226373,0.240057470472395,0.3130138316948583
2022-11-13,fdp,0.16077399276642002,0.016848700960615918,0.12683489716966553,0.19517839073823037
2022-11-13,cvp,0.1347475691917749,0.017306373844213845,0.10198996031654406,0.17128730714768828
2022-11-13,sp,0.1669002130953943,0.02085683493415594,0.12594730326376766,0.21068612337192125
2022-11-13,svp,0.26282362136967924,0.038405077743558676,0.19459918103808177,0.34488812430481297
2022-11-13,other,0.27475460357673154,0.019072767881249803,0.23787826145573066,0.31301508893159896
2022-11-20,fdp,0.16111690651484706,0.017747721708583773,0.1262351462576966,0.1964964163174203
2022-11-20,cvp,0.1347609845319702,0.01782045431209512,0.10074547831770418,0.17186497888361787
2022-11-20,sp,0.16777866100269903,0.021853425607526882,0.1256634305937065,0.21382162696334206
2022-11-20,svp,0.2618991729137503,0.040685826124378585,0.19048471409320702,0.34722538932444685
2022-11-20,other,0.27444427503673346,0.02027518516083198,0.23362874578927315,0.31456048709669826
2022-11-27,fdp,0.1599075511833447,0.017815768970213176,0.12390537560990826,0.19808961798872005
2022-11-27,cvp,0.1351122898189656,0.018503792239686144,0.1001163764849527,0.17322632021216527
2022-11-27,sp,0.16872937590098647,0.02249556002117495,0.12538269583929773,0.2151782053004874
2022-11-27,svp,0.26358031041086694,0.041171386521392773,0.1906685024351706,0.35391641877923824
2022-11-27,other,0.27267047268583633,0.02064517174549041,0.230879102683926,0.31400289576147
2022-12-04,fdp,0.15935978289240363,0.018076524250160944,0.12327608461303988,0.1972010411966173
2022-12-04,cvp,0.13554334013707675,0.018897992382975702,0.098730406564706,0.17494754577341362
2022-12-04,sp,0.1691160718490875,0.0230451885733103,0.12480512370173234,0.2166959414686961
2022-12-04,svp,0.2646263013870523,0.04126108079564844,0.18908844212220088,0.354263037410789
2022-12-04,other,0.2713545037343798,0.020945405054489944,0.2299583839171802,0.314130643062206
2022-12-11,fdp,0.1596210086528441,0.017892538680825704,0.12402262026344578,0.19769796192570757
2022-12-11,cvp,0.13474695630682534,0.018696445743087174,0.09928838425759945,0.17588420109952338
2022-12-11,sp,0.1694461681680364,0.023113881059774914,0.1252891489519669,0.21735724492021882
2022-12-11,svp,0.2648667049994175,0.041884771529189284,0.19011439098182525,0.3547348598737294
2022-12-11,other,0.27131916187287664,0.021073895167899665,0.2284784803859887,0.3134448648374398
2022-12-18,fdp,0.15939944253861257,0.017838991025855483,0.12413208568066109,0.19679024643391013
2022-12-18,cvp,0.13441893560372276,0.018291219378676362,0.09953595540449,0.1737506686615531
2022-12-18,sp,0.16964875141502347,0.02294787549801613,0.126540738440402,0.21845467336404717
2022-12-18,svp,0.2660599383087448,0.04154647818919658,0.19058944487764146,0.35566148676644543
2022-12-18,other,0.2704729321338964,0.02091645418332758,0.22792090697695125,0.3126484092368161
2022-12-25,fdp,0.15886420589555506,0.017474579494814634,0.1245834600340837,0.19499783463267917
2022-12-25,cvp,0.13427920595335077,0.01833639237340464,0.10092373875184948,0.17363344150021245
2022-12-25,sp,0.1715094319502442,0.022839644763873956,0.127774560396491,0.21771805144496928
2022-12-25,svp,0.2664987572484213,0.040978276619184725,0.1926463602052659,0.35742321854860865
2022-12-25,other,0.2688483989524286,0.020319745856848065,0.22834395234473068,0.30961806027019634
2023-01-01,fdp,0.15838300440133601,0.01701074842086374,0.1263236839154997,0.19579591869646354
2023-01-01,cvp,0.13390599574293482,0.018183583122641966,0.10201448199279774,0.17412624812115768
2023-01-01,sp,0.17161491385342467,0.02192366217459234,0.1301923242475254,0.217276740874252
2023-01-01,svp,0.26902704964782725,0.039520623999230696,0.19627076891755146,0.3547093088809811
2023-01-01,other,0.26706903635447726,0.019370831835157015,0.2271383306551131,0.30697470332894466
2023-01-08,fdp,0.15857549311103036,0.01621062373265075,0.1280757403744167,0.19274502921399822
2023-01-08,cvp,0.13470214973762998,0.016919945772873677,0.10319329679807945,0.171596447453578
2023-01-08,sp,0.17247560057761424,0.020637551545026056,0.13289498371930716,0.21468940725885732
2023-01-08,svp,0.2678217085595813,0.036829973474411415,0.19829066590351216,0.34786304673400203
2023-01-08,other,0.2664250480141441,0.018431797781236506,0.2282181558114213,0.3044373372383985
2023-01-15,fdp,0.15827782593288223,0.0150734474638095,0.12926866921716298,0.19055539140396047
2023-01-15,cvp,0.1348577439488885,0.015733363150359597,0.1058310318318761,0.1685340652271891
2023-01-15,sp,0.1736738103093722,0.019676115901469927,0.13621300571580564,0.2128634747432015
2023-01-15,svp,0.2676563864338768,0.034107834210945515,0.20325527247204456,0.3444178306686506
2023-01-15,other,0.2655342333749803,0.017118065887845188,0.2316163848284866,0.3011331733439704
2023-01-22,fdp,0.1578081364846945,0.013978204139088594,0.13192639789237967,0.1872204983750371
2023-01-22,cvp,0.13565784645893525,0.013976964687672223,0.10886885753817399,0.16524868803720943
2023-01-22,sp,0.1737649660590223,0.017783187683356266,0.13843093920515126,0.20822801960445889
2023-01-22,svp,0.2686367543689583,0.031022272721349803,0.20941505867280916,0.3339798121325025
2023-01-22,other,0.26413229662838966,0.015541235278584893,0.23507063385339555,0.2965333937261192
2023-01-29,fdp,0.157970805612442,0.011984610904615358,0.13573010986806353,0.1829835439109133
2023-01-29,cvp,0.13632005014834186,0.01211645209214401,0.11301119703902926,0.15953000827620745
2023-01-29,sp,0.1734830441934602,0.015088419647579659,0.14321753612993762,0.20394197765765143
2023-01-29,svp,0.26839489970598335,0.026718901835384556,0.21720249605758174,0.32502304847547614
2023-01-29,other,0.2638312003397726,0.013167260449099615,0.23795627274047423,0.29125872792211643
2023-02-05,fdp,0.15793324200140355,0.00921685866367958,0.14036275601509918,0.1769738541811023
2023-02-05,cvp,0.13600594896712012,0.00933652431628199,0.11807563696603242,0.15448269096953615
2023-02-05,sp,0.17409523756481743,0.011811274527206844,0.15072837709867007,0.19710901166829536
2023-02-05,svp,0.26893807528310326,0.02011560506527492,0.23208656236079833,0.3119510555970513
2023-02-05,other,0.26302749618355564,0.009914371348550858,0.24344112710892013,0.28326642728545826
2023-02-12,fdp,0.15780096967290763,0.005190135169171197,0.1478279918193483,0.16830506825147146
2023-02-12,cvp,0.13587400475807157,0.004908637995453512,0.12582424446543378,0.14518193550577568
2023-02-12,sp,0.173705189894081,0.00590411124799292,0.1620337425299811,0.18540039086484777
2023-02-12,svp,0.2698643579711971,0.008997460236998673,0.2530297517434227,0.2882498725583646
2023-02-12,other,0.26275547770374263,0.004824865440370331,0.2531019897689205,0.2716205665443355
2023-02-19,fdp,0.15733208240094051,0.007631960995757363,0.14197917962234527,0.1726294605832591
2023-02-19,cvp,0.1339423946832006,0.008248650898359125,0.11993938824892816,0.15052520684244386
2023-02-19,sp,0.17482216573606532,0.009535764448290041,0.15648251062717725,0.19438610599888329
2023-02-19,svp,0.2704156329783618,0.017321437179409382,0.2366272058649238,0.3029375359555587
2023-02-19,other,0.26348772420143174,0.008190706750964727,0.24727696196996102,0.2805134012742462
2023-02-26,fdp,0.15703757177542424,0.007252344593988031,0.14251200007522916,0.17208908770180095
2023-02-26,cvp,0.13332284709287553,0.007421015575854747,0.12022196998294624,0.148197087194577
2023-02-26,sp,0.17664817541842812,0.009244125239001248,0.15899099051779178,0.1957428839430032
2023-02-26,svp,0.26770448569865773,0.016123947624582635,0.23517040849664542,0.30027819743431544
2023-02-26,other,0.2652869200146144,0.007925106457921752,0.24913101487446515,0.28047689464897807
2023-03-05,fdp,0.15603343640643164,0.002136533312931142,0.15187815964341736,0.16048855059532663
2023-03-05,cvp,0.13315489890922813,0.00195162019279652,0.12930273300426148,0.13717576092237221
2023-03-05,sp,0.17819824831585096,0.00231397584398433,0.1737666101938588,0.18235642270914254
2023-03-05,svp,0.2660935060813842,0.0026068487312381114,0.26074177847291047,0.2711559792251833
2023-03-05,other,0.26651991028710503,0.002562825175187924,0.26184425056981336,0.27177152346759753
2023-03-12,fdp,0.1551220938024902,0.008050353107388379,0.14008096817355292,0.17255296321649538
2023-03-12,cvp,0.13364079617807242,0.008490928222117982,0.1168597993950339,0.15131245336424248
2023-03-12,sp,0.17976306860859556,0.012192689409900712,0.15704089198257276,0.20051261360451475
2023-03-12,svp,0.265895752824116,0.018618134099650786,0.23060774908038692,0.30469375764310336
2023-03-12,other,0.2655782885867259,0.009180606692077,0.24789517676385142,0.2840346366689313
2023-03-19,fdp,0.15520759139424967,0.010870109409878448,0.13441260557691223,0.17798973945180732
2023-03-19,cvp,0.13429950049856954,0.011214076980323005,0.11321081387689938,0.15793523595984219
2023-03-19,sp,0.17901955578711246,0.014920398154102977,0.15071698590501473,0.2085492303668945
2023-03-19,svp,0.2659077924649341,0.025665785092486793,0.21820775953236743,0.3188076568439231
2023-03-19,other,0.26556555985513425,0.012352227432496598,0.2410094651614484,0.2906914315291699
2023-03-26,fdp,0.15456588686084893,0.012630943412012336,0.12991362474588625,0.1817464075125138
2023-03-26,cvp,0.13504266716866659,0.013070545954359929,0.109540275290633,0.16251488356180763
2023-03-26,sp,0.17935941314356404,0.017632798580885792,0.14623997380182832,0.21306090033358396
2023-03-26,svp,0.26578181315207544,0.031090824214331347,0.2111864825980613,0.3327276159277667
2023-03-26,other,0.26525021967484497,0.014538080002693689,0.23684522610565606,0.2940271205368834
2023-04-02,fdp,0.15548680244896534,0.015767510366171356,0.12590660570573245,0.18407122492872474
2023-04-02,cvp,0.1352275249890247,0.014380569781454636,0.10808676937071454,0.16618121381208642
2023-04-02,sp,0.17802523534677656,0.01860446368180518,0.14234497228820586,0.21656060511707834
2023-04-02,svp,0.26427992925956595,0.03687359955631375,0.2075108309878412,0.33903334842440974
2023-04-02,other,0.26698050795566747,0.018108039657577946,0.2334885903742434,0.2971924113443091
2023-04-09,fdp,0.1546003480341324,0.01609261622251359,0.12475434005484223,0.18483039860577002
2023-04-09,cvp,0.13600247214537728,0.015597925519238156,0.10627507686195942,0.17018977296856427
2023-04-09,sp,0.1783491508695766,0.02002489463548792,0.14027084831427153,0.21910766505370033
2023-04-09,svp,0.26491151164920423,0.038127077316562785,0.20242106290363526,0.3441229741353336
2023-04-09,other,0.2661365173017095,0.018377720127724533,0.2310177947782738,0.2978280569922345
2023-04-16,fdp,0.15362093727803772,0.016195563226958417,0.12272427990335075,0.1840755536606722
2023-04-16,cvp,0.13619528159908698,0.01632150046072942,0.10606623866126394,0.17242647401140357
2023-04-16,sp,0.1778215646844718,0.020850366648985732,0.1384903688234017,0.22219006189116194
2023-04-16,svp,0.2677070592473429,0.03748961589779141,0.2029433231142995,0.3480891607315262
2023-04-16,other,0.2646551571910606,0.018331116899639822,0.22800885262233886,0.2990135053852428
2023-04-23,fdp,0.15345544855576,0.017115854251614264,0.12177051504417898,0.18529645720395282
2023-04-23,cvp,0.13655304240677435,0.016693046355422684,0.10595854725304411,0.17169405373672317
2023-04-23,sp,0.1782741153904339,0.02101438733911075,0.13818815927261205,0.2213607814297012
2023-04-23,svp,0.2663796376810219,0.03941058210260533,0.20071745068707447,0.34823105230779205
2023-04-23,other,0.2653377559660099,0.01969890546756009,0.2264564511125608,0.2999696178546184
2023-04-30,fdp,0.15209753409066126,0.016204953878433077,0.12154806340561244,0.18423863759606282
2023-04-30,cvp,0.1368226411224104,0.01694125993221011,0.10660269268197002,0.17357175323605842
2023-04-30,sp,0.17759465188489418,0.02088916763578619,0.13830008264961305,0.22234545116022067
2023-04-30,svp,0.2688393984507105,0.03714569275434666,0.2012432255237212,0.3471208033575526
2023-04-30,other,0.2646457744513237,0.018975007701737594,0.22755143951463677,0.2989476729671947
2023-05-07,fdp,0.15149934638184354,0.015917257007847567,0.1206780339008284,0.183558867081088
2023-05-07,cvp,0.13693799454627187,0.01733101882955124,0.10716113046312752,0.17376897104971914
2023-05-07,sp,0.17757934077156096,0.020529075562251232,0.13910581692557802,0.22053542903021064
2023-05-07,svp,0.2689925152849555,0.03606633409785155,0.20261163548714886,0.34539791019596233
2023-05-07,other,0.26499080301536815,0.019198909282785306,0.22775976885806723,0.2982755399622332
2023-05-14,fdp,0.15047740530673484,0.014937470006116357,0.12157717301784199,0.1802220850960493
2023-05-14,cvp,0.13769385598894715,0.016914503039524305,0.10812942896846488,0.1735936379062877
2023-05-14,sp,0.1780556146423579,0.01986199407968418,0.140679002344298,0.22040707846487417
2023-05-14,svp,0.26910256256258525,0.03497435176889869,0.20638664453237035,0.34380278287667304
2023-05-14,other,0.26467056149937485,0.018449572824783947,0.22888993960387213,0.29493764730961497
2023-05-21,fdp,0.14920598332360363,0.013798460853827778,0.12212022010508106,0.17736600028414778
2023-05-21,cvp,0.13905870064024708,0.01526521647390743,0.11192006077839961,0.1711736023296862
2023-05-21,sp,0.17806231597093766,0.018784889150898917,0.14139566583810204,0.21897020285942123
2023-05-21,svp,0.26968210757785027,0.033203558643900434,0.20978524087853767,0.34085837459119883
2023-05-21,other,0.26399089248736135,0.01691127455139367,0.23053278049005071,0.293804230951556
2023-05-28,fdp,0.1481573397967153,0.012305703796452024,0.12393080007639214,0.17424993784824344
2023-05-28,cvp,0.14102265809935427,0.013811788699164383,0.11438737149506789,0.16981379529930538
2023-05-28,sp,0.17776231614139693,0.01692770317277063,0.14559666882833214,0.21413438935310172
2023-05-28,svp,0.2701436830709472,0.030082139843635492,0.21339198465169368,0.33316130595472615
2023-05-28,other,0.2629140028915863,0.01457017301726887,0.23323975122693588,0.29081212637875964
2023-06-04,fdp,0.1481104954612035,0.010863441917478732,0.12634425773339822,0.1693619058648047
2023-06-04,cvp,0.14194734842518025,0.011789499861559997,0.11914854113563805,0.16652342505100684
2023-06-04,sp,0.17749093314643863,0.014565837454610578,0.15080496752252878,0.20918296125053543
2023-06-04,svp,0.2689968340316846,0.026435155251052677,0.22227202050660555,0.3254221014505992
2023-06-04,other,0.263454388935493,0.01316879574374365,0.23712559564157704,0.2864407479184764
2023-06-11,fdp,0.14683908553116454,0.007826283566428213,0.13135951512437927,0.16300904630097762
2023-06-11,cvp,0.1431950299240395,0.009410856458747308,0.12510445770575016,0.1605034322390706
2023-06-11,sp,0.17741925061373512,0.01108234506970383,0.1567034568383595,0.20101952825316297
2023-06-11,svp,0.27009045735790876,0.018785769527510047,0.2337922884867266,0.30880334182760294
2023-06-11,other,0.26245617657315207,0.009210992509764983,0.24413666145740612,0.2805072814416842
2023-06-18,fdp,0.1461860837241352,0.0021469615609937833,0.14190673108305396,0.1505454306623795
2023-06-18,cvp,0.14287469347284648,0.0020895313715615415,0.13871062761294078,0.146976998201704
2023-06-18,sp,0.1782085087332315,0.002449731059207763,0.17346408140631375,0.18264624009895322
2023-06-18,svp,0.2707856593966706,0.0028974216898258673,0.2654058367095032,0.27643010774545
2023-06-18,other,0.26194505467311624,0.002510531450913876,0.25694236330160064,0.2669879532372943
2023-06-25,fdp,0.14663794617144263,0.00675204587115805,0.13298510842287053,0.16000270582802126
2023-06-25,cvp,0.14220136037962475,0.007511614102079897,0.12737050101696612,0.1570498220871616
2023-06-25,sp,0.17725411718685147,0.009396276003991339,0.15948057731191956,0.19633922206473306
2023-06-25,svp,0.2719112978144628,0.015875411022593367,0.24133815208024398,0.3054360961509725
2023-06-25,other,0.2619952784476184,0.007725923367583539,0.24629425394141052,0.2768004535887837
2023-07-02,fdp,0.14650729043481797,0.0071271463327735995,0.13264229805799393,0.16098802478669036
2023-07-02,cvp,0.14071302011650824,0.007778762190216628,0.12509571396388303,0.15691637296178554
2023-07-02,sp,0.17668722928232317,0.010444034765628834,0.1586549117730895,0.19768523953628941
2023-07-02,svp,0.2743332905911016,0.017489038523616076,0.2392537749057469,0.3081776422846538
2023-07-02,other,0.26175916957524903,0.008180898881357139,0.24531441139790003,0.2781455718177586
2023-07-09,fdp,0.14664961033477364,0.004914036924914968,0.13722523666109004,0.15672235510544985
2023-07-09,cvp,0.1399428835578846,0.0050737204093298125,0.12981710569646432,0.1495824999573245
2023-07-09,sp,0.17816539470059203,0.00620861826447498,0.16581025482957096,0.18980181217267392
2023-07-09,svp,0.2737005422897385,0.009137656163996819,0.25644801439947784,0.2926397389758307
2023-07-09,other,0.26154156911701126,0.004663365687832283,0.25220431227721557,0.2709664166992715
2023-07-16,fdp,0.14909068678914036,0.00819083454524878,0.13283225033792784,0.16586788649668924
2023-07-16,cvp,0.13966340924124007,0.008929719074428218,0.12206457851661034,0.157895555688972
2023-07-16,sp,0.1816906879566323,0.010964595556928506,0.15970878004468356,0.20419332087857742
2023-07-16,svp,0.26145372726455074,0.017875404629636008,0.2263268000093194,0.29855119053981966
2023-07-16,other,0.26810148874843653,0.008961198809210818,0.2507573944808406,0.28617721439458266
2023-07-23,fdp,0.1514584640369155,0.009319427249518225,0.13256578748803824,0.17089984926957655
2023-07-23,cvp,0.13823091952485875,0.010444466979810751,0.11835330192544058,0.15969390233874778
2023-07-23,sp,0.18520976456091584,0.012787070688708678,0.16058265884417403,0.21052561339469972
2023-07-23,svp,0.2501664533335212,0.020435773750088825,0.21047316961629173,0.29214624180821547
2023-07-23,other,0.2749343985437887,0.010638308035956001,0.2537732275270252,0.29603155050889046
2023-07-30,fdp,0.15392635467236265,0.00953129236890484,0.13482953840813505,0.1732841672778207
2023-07-30,cvp,0.1367567657499625,0.010580109962911033,0.11726316749271204,0.15798357082072678
2023-07-30,sp,0.18898397051207516,0.012984987642494802,0.16336215732449055,0.21525885208947645
2023-07-30,svp,0.23900688948655127,0.020054952717046617,0.19906925576877293,0.27955124289823635
2023-07-30,other,0.28132601957904835,0.010662821231330416,0.2609166605408706,0.30324822280962305
2023-08-06,fdp,0.1558158513738884,0.008667729261623954,0.13912723019842074,0.1742835157137204
2023-08-06,cvp,0.1366467048914509,0.009424484063733887,0.1174836847672687,0.15486813883126355
2023-08-06,sp,0.19064863155832576,0.012462646683551895,0.16965634260024648,0.21614735698755574
2023-08-06,svp,0.2302331086336453,0.018790089094128794,0.19530499924869882,0.2612003294391634
2023-08-06,other,0.2866557035426896,0.010142659313043168,0.27003476911050206,0.30683379934415733
2023-08-13,fdp,0.1591819010218806,0.006122492843446581,0.1467457629285315,0.16959824760523495
2023-08-13,cvp,0.13588267929617343,0.007169479270124579,0.12198817807502105,0.14902024963651955
2023-08-13,sp,0.19472155630660082,0.007446553071476494,0.18076956892903637,0.20980360497496714
2023-08-13,svp,0.21559469131424153,0.009498854409644117,0.19829499511048215,0.2348924885377826
2023-08-13,other,0.2946191720611036,0.005689258902201129,0.2837759525967015,0.306023355989427
2023-08-20,fdp,0.1457622233667715,0.0015895248029136658,0.14256936998309266,0.14892959035623002
2023-08-20,cvp,0.14715910808077304,0.0017988886864425955,0.14354355334916077,0.1502923499861495
2023-08-20,sp,0.17312333316301734,0.0018020251354081264,0.1696803982881496,0.17678506539526495
2023-08-20,svp,0.2751796697299166,0.0020540795968284117,0.2711450770021328,0.27948891399940695
2023-08-20,other,0.25877566565952154,0.002053162434921695,0.2547200921547594,0.26290666625918285
2023-08-27,fdp,0.1448201515693354,0.0067967477121718784,0.1312324166562073,0.15916188788764657
2023-08-27,cvp,0.14458921793428764,0.007952758219709456,0.12973808379421117,0.16156676413674645
2023-08-27,sp,0.17428959298732077,0.010207707419471803,0.15623616680856894,0.19549789010790114
2023-08-27,svp,0.27829477486155796,0.01674191692868953,0.24421867191248423,0.3099410532653341
2023-08-27,other,0.25800626264749826,0.007982533511075036,0.24199666387512803,0.2740261461187313
2023-09-03,fdp,0.1441339822222199,0.00796407766878054,0.12787562432409716,0.16084867779171816
2023-09-03,cvp,0.1414899463970665,0.009651987190301513,0.12348720559186538,0.16196800438197145
2023-09-03,sp,0.17788199504948465,0.01151391848903514,0.15508936580151725,0.20098499904088316
2023-09-03,svp,0.2791207579158442,0.019016179914787917,0.24214672659222705,0.31967178844863253
2023-09-03,other,0.2573733184153848,0.009265367435154069,0.23901868288539274,0.27594568014475224
2023-09-10,fdp,0.14388722217275526,0.007536855125061163,0.12817467169733876,0.15829439567367856
2023-09-10,cvp,0.1401370827783173,0.008635276825367477,0.12316817730691212,0.15716294280878787
2023-09-10,sp,0.17977669590431694,0.010669849166205975,0.15759409366238808,0.20069087065771699
2023-09-10,svp,0.2786617144671258,0.019096782719579916,0.2470369683033329,0.3176137618287091
2023-09-10,other,0.2575372846774847,0.0091570070854722,0.2401630952940346,0.27314062508047987
2023-09-17,fdp,0.14242725838904394,0.004922205073929833,0.13309280707510443,0.1530190240012827
2023-09-17,cvp,0.1374371965173344,0.0049763616447855786,0.12741115052742877,0.14727543433827406
2023-09-17,sp,0.18198864181999996,0.006408973172692028,0.1687865643277601,0.1938064019791489
2023-09-17,svp,0.28219819979833866,0.009305017872031428,0.26498501321415635,0.30124177873189584
2023-09-17,other,0.25594870347528303,0.004690001962652801,0.2464566179479705,0.2651016260511165
2023-09-24,fdp,0.1415244139052108,0.009063044805843044,0.126556753881775,0.16076314463546848
2023-09-24,cvp,0.13618917862486898,0.00955778799009667,0.1189771182967539,0.15650543268272615
2023-09-24,sp,0.18729298877085804,0.012550126078594109,0.1646983125033348,0.21296180912677717
2023-09-24,svp,0.2992057690535156,0.020306465695100622,0.2587521599044265,0.3406745969758352
2023-09-24,other,0.23578764964554658,0.009486617606302651,0.21671818415954194,0.2526244877164256
2023-10-01,fdp,0.14039255372386925,0.012730155352172791,0.12059309175241881,0.16794061190149967
2023-10-01,cvp,0.1349315418614443,0.012271617657389502,0.11377896821739256,0.16039347891702346
2023-10-01,sp,0.19517136089007567,0.015422896780791067,0.16673295319790052,0.22714561592259477
2023-10-01,svp,0.3135715133480612,0.025255037655060555,0.2644178909915456,0.36431477586473227
2023-10-01,other,0.2159330301765496,0.010391482211518949,0.19527163554184243,0.23571971998785804
2023-10-08,fdp,0.13861834567232187,0.01597659579460302,0.11407913151983926,0.1715174596122666
2023-10-08,cvp,0.13328054533769296,0.013692887559670677,0.10942593644524101,0.16249961263638868
2023-10-08,sp,0.20293367398604312,0.018442988784833192,0.16815140466041498,0.23953137372780736
2023-10-08,svp,0.32796122688708546,0.027736097727953667,0.2754126294397244,0.3852587989370863
2023-10-08,other,0.19720620811685657,0.010461755108041216,0.1766490468130139,0.21647254615956701
2023-10-15,fdp,0.13697436641274616,0.01834423575331495,0.10782168408747929,0.17294547015326703
2023-10-15,cvp,0.1325592342355588,0.014294183125478496,0.1074253855083763,0.16357101232335525
2023-10-15,sp,0.20833000613370734,0.01942977663411105,0.17183176611772347,0.24997879797234812
2023-10-15,svp,0.3416855630970441,0.027114446085105062,0.28943051990246876,0.39812701038540543
2023-10-15,other,0.1804508301209436,0.010347208767273332,0.16057822625813684,0.1975713664793611
2023-10-22,fdp,0.13494819767364444,0.020674016443484662,0.09988664275096565,0.17511421425017662
2023-10-22,cvp,0.13067399828745876,0.014400993319214078,0.10438836485201114,0.161415263800891
2023-10-22,sp,0.21369123851410998,0.019679235398177303,0.1744079877808708,0.25444422920226306
2023-10-22,svp,0.35617814178196194,0.023205688894083247,0.31112296576903237,0.4013127188528061
2023-10-22,other,0.16450842374282487,0.009315442466530575,0.1483294184926226,0.18410400305734975
