year,election,polling_company,polling_wave,polling_period,party,poll_vote_share,sample_size,counts
2019,13,tamedia,1,05.01.2018,fdp,16.4,20422,3349
2019,13,tamedia,1,05.01.2018,cvp,9.1,20422,1858
2019,13,tamedia,1,05.01.2018,sp,18.7,20422,3819
2019,13,tamedia,1,05.01.2018,svp,30.8,20422,6290
2019,13,tamedia,1,05.01.2018,other,25,20422,5106
2019,13,tamedia,2,22.06.2018,fdp,16.4,14851,2436
2019,13,tamedia,2,22.06.2018,cvp,10,14851,1485
2019,13,tamedia,2,22.06.2018,sp,18,14851,2673
2019,13,tamedia,2,22.06.2018,svp,29.2,14851,4336
2019,13,tamedia,2,22.06.2018,other,26.4,14851,3921
2019,13,tamedia,3,25.09.2018,fdp,17,19412,3300
2019,13,tamedia,3,25.09.2018,cvp,9.9,19412,1922
2019,13,tamedia,3,25.09.2018,sp,17.9,19412,3475
2019,13,tamedia,3,25.09.2018,svp,29.7,19412,5765
2019,13,tamedia,3,25.09.2018,other,25.5,19412,4950
2019,13,tamedia,4,20.02.2019,fdp,15.9,22326,3550
2019,13,tamedia,4,20.02.2019,cvp,9.9,22326,2210
2019,13,tamedia,4,20.02.2019,sp,18.4,22326,4108
2019,13,tamedia,4,20.02.2019,svp,29.2,22326,6519
2019,13,tamedia,4,20.02.2019,other,26.6,22326,5939
2019,13,tamedia,5,23.05.2019,fdp,15.5,19018,2948
2019,13,tamedia,5,23.05.2019,cvp,10.3,19018,1959
2019,13,tamedia,5,23.05.2019,sp,17.6,19018,3347
2019,13,tamedia,5,23.05.2019,svp,28.9,19018,5496
2019,13,tamedia,5,23.05.2019,other,27.7,19018,5268
2019,13,tamedia,6,24.09.2019,fdp,15.6,20515,3200
2019,13,tamedia,6,24.09.2019,cvp,10.4,20515,2134
2019,13,tamedia,6,24.09.2019,sp,18,20515,3693
2019,13,tamedia,6,24.09.2019,svp,27.9,20515,5724
2019,13,tamedia,6,24.09.2019,other,28.1,20515,5765
2019,13,sotomo,1,02.10.2017,fdp,17.1,11953,2044
2019,13,sotomo,1,02.10.2017,cvp,10.9,11953,1303
2019,13,sotomo,1,02.10.2017,sp,17.7,11953,2116
2019,13,sotomo,1,02.10.2017,svp,28.7,11953,3431
2019,13,sotomo,1,02.10.2017,other,25.6,11953,3060
2019,13,sotomo,2,18.09.2018,fdp,17.7,12179,2156
2019,13,sotomo,2,18.09.2018,cvp,10.1,12179,1230
2019,13,sotomo,2,18.09.2018,sp,19.3,12179,2351
2019,13,sotomo,2,18.09.2018,svp,27.4,12179,3337
2019,13,sotomo,2,18.09.2018,other,25.5,12179,3106
2019,13,sotomo,3,07.02.2019,fdp,17.4,12085,2103
2019,13,sotomo,3,07.02.2019,cvp,11.3,12085,1366
2019,13,sotomo,3,07.02.2019,sp,17.4,12085,2103
2019,13,sotomo,3,07.02.2019,svp,27,12085,3263
2019,13,sotomo,3,07.02.2019,other,26.9,12085,3251
2019,13,sotomo,4,27.05.2019,fdp,16.2,10388,1683
2019,13,sotomo,4,27.05.2019,cvp,10.6,10388,1101
2019,13,sotomo,4,27.05.2019,sp,19.1,10388,1984
2019,13,sotomo,4,27.05.2019,svp,26.5,10388,2753
2019,13,sotomo,4,27.05.2019,other,27.6,10388,2867
2019,13,sotomo,5,25.08.2019,fdp,16.7,17128,2860
2019,13,sotomo,5,25.08.2019,cvp,10.2,17128,1747
2019,13,sotomo,5,25.08.2019,sp,18.7,17128,3203
2019,13,sotomo,5,25.08.2019,svp,26.8,17128,4590
2019,13,sotomo,5,25.08.2019,other,27.6,17128,4727
2019,13,sotomo,6,02.10.2019,fdp,15.2,12107,1840
2019,13,sotomo,6,02.10.2019,cvp,10.6,12107,1283
2019,13,sotomo,6,02.10.2019,sp,18.2,12107,2203
2019,13,sotomo,6,02.10.2019,svp,27.3,12107,3305
2019,13,sotomo,6,02.10.2019,other,28.7,12107,3475
2019,13,fors,1,08.07.2019,fdp,18.93,7159,1355
2019,13,fors,1,08.07.2019,cvp,8.53,7159,611
2019,13,fors,1,08.07.2019,sp,19.42,7159,1390
2019,13,fors,1,08.07.2019,svp,19.18,7159,1373
2019,13,fors,1,08.07.2019,other,33.94,7159,2430
2019,13,fors,2,17.10.2019,fdp,18.94,5078,962
2019,13,fors,2,17.10.2019,cvp,7.94,5078,403
2019,13,fors,2,17.10.2019,sp,20.38,5078,1035
2019,13,fors,2,17.10.2019,svp,18.24,5078,926
2019,13,fors,2,17.10.2019,other,34.5,5078,1752
2023,14,tamedia,1,09.12.2021,fdp,15.4,19324,2976
2023,14,tamedia,1,09.12.2021,cvp,13.3,19324,2570
2023,14,tamedia,1,09.12.2021,sp,16.2,19324,3130
2023,14,tamedia,1,09.12.2021,svp,27,19324,5217
2023,14,tamedia,1,09.12.2021,other,28.1,19324,5430
2023,14,tamedia,2,16.08.2022,fdp,16.4,26298,4313
2023,14,tamedia,2,16.08.2022,cvp,13.4,26298,3524
2023,14,tamedia,2,16.08.2022,sp,16.2,26298,4260
2023,14,tamedia,2,16.08.2022,svp,25.9,26298,6811
2023,14,tamedia,2,16.08.2022,other,28.1,26298,7390
2023,14,tamedia,3,17.02.2023,fdp,15.4,27668,4261
2023,14,tamedia,3,17.02.2023,cvp,13.5,27668,3735
2023,14,tamedia,3,17.02.2023,sp,16.9,27668,4676
2023,14,tamedia,3,17.02.2023,svp,27.5,27668,7609
2023,14,tamedia,3,17.02.2023,other,26.7,27668,7387
2023,14,tamedia,4,11.07.2023,fdp,14.3,25688,3673
2023,14,tamedia,4,11.07.2023,cvp,13.9,25688,3571
2023,14,tamedia,4,11.07.2023,sp,17.3,25688,4444
2023,14,tamedia,4,11.07.2023,svp,27.9,25688,7167
2023,14,tamedia,4,11.07.2023,other,26.6,25688,6833
2023,14,tamedia,5,20.09.2023,fdp,13.8,29081,4013
2023,14,tamedia,5,20.09.2023,cvp,13.6,29081,3955
2023,14,tamedia,5,20.09.2023,sp,17.6,29081,5118
2023,14,tamedia,5,20.09.2023,svp,28.7,29081,8346
2023,14,tamedia,5,20.09.2023,other,26.3,29081,7648
2023,14,sotomo,1,03.10.2021,fdp,13.6,27976,3805
2023,14,sotomo,1,03.10.2021,cvp,13.3,27976,3721
2023,14,sotomo,1,03.10.2021,sp,15.8,27976,4420
2023,14,sotomo,1,03.10.2021,svp,26.6,27976,7442
2023,14,sotomo,1,03.10.2021,other,30.7,27976,8589
2023,14,sotomo,2,02.10.2022,fdp,16.1,21038,3387
2023,14,sotomo,2,02.10.2022,cvp,13.3,21038,2798
2023,14,sotomo,2,02.10.2022,sp,16.3,21038,3429
2023,14,sotomo,2,02.10.2022,svp,26.1,21038,5491
2023,14,sotomo,2,02.10.2022,other,28.2,21038,5933
2023,14,sotomo,3,05.03.2023,fdp,15.6,27058,4221
2023,14,sotomo,3,05.03.2023,cvp,13.3,27058,3599
2023,14,sotomo,3,05.03.2023,sp,17.8,27058,4816
2023,14,sotomo,3,05.03.2023,svp,26.6,27058,7197
2023,14,sotomo,3,05.03.2023,other,26.7,27058,7224
2023,14,sotomo,4,22.06.2023,fdp,14.6,25216,3682
2023,14,sotomo,4,22.06.2023,cvp,14.3,25216,3606
2023,14,sotomo,4,22.06.2023,sp,17.8,25216,4488
2023,14,sotomo,4,22.06.2023,svp,27.1,25216,6834
2023,14,sotomo,4,22.06.2023,other,26.2,25216,6607
2023,14,sotomo,5,25.08.2023,fdp,14.6,40889,5970
2023,14,sotomo,5,25.08.2023,cvp,14.8,40889,6052
2023,14,sotomo,5,25.08.2023,sp,17.3,40889,7074
2023,14,sotomo,5,25.08.2023,svp,27.6,40889,11285
2023,14,sotomo,5,25.08.2023,other,25.7,40889,10508
2023,14,sotomo,6,05.10.2023,fdp,14.1,31850,4491
2023,14,sotomo,6,05.10.2023,cvp,14.3,31850,4555
2023,14,sotomo,6,05.10.2023,sp,18.3,31850,5829
2023,14,sotomo,6,05.10.2023,svp,28.1,31850,8950
2023,14,sotomo,6,05.10.2023,other,25.2,31850,8026
2023,14,fors,1,16.08.2023,fdp,15.98,7291,1165
2023,14,fors,1,16.08.2023,cvp,11.97,7291,873
2023,14,fors,1,16.08.2023,sp,20.57,7291,1500
2023,14,fors,1,16.08.2023,svp,19.65,7291,1433
2023,14,fors,1,16.08.2023,other,31.82,7291,2320
2023,14,fors,2,05.10.2023,fdp,16.41,5479,899
2023,14,fors,2,05.10.2023,cvp,12.96,5479,710
2023,14,fors,2,05.10.2023,sp,22.69,5479,1243
2023,14,fors,2,05.10.2023,svp,19.16,5479,1050
2023,14,fors,2,05.10.2023,other,28.78,5479,1577