year,election,party,vote_share,smi_norm,health_insurance_norm,immigration_norm
1971,1,fdp,0.245,,,
1971,1,cvp,0.22,,,
1971,1,sp,0.23,,,
1971,1,svp,0.115,,,
1971,1,other,0.19,,,
1975,2,fdp,0.235,,,
1975,2,cvp,0.23,,,
1975,2,sp,0.275,,,
1975,2,svp,0.105,,,
1975,2,other,0.155,,,
1979,3,fdp,0.255,,,
1979,3,cvp,0.22,,,
1979,3,sp,0.255,,,
1979,3,svp,0.115,,,
1979,3,other,0.155,,,
1983,4,fdp,0.27,,,
1983,4,cvp,0.21,,,
1983,4,sp,0.235,,,
1983,4,svp,0.115,,,
1983,4,other,0.17,,,
1987,5,fdp,0.255,,,
1987,5,cvp,0.21,,,
1987,5,sp,0.205,,,
1987,5,svp,0.125,,,
1987,5,other,0.205,,,
1991,6,fdp,0.22,,,
1991,6,cvp,0.175,,,
1991,6,sp,0.205,,,
1991,6,svp,0.125,,,
1991,6,other,0.275,,,
1995,7,fdp,0.225,,,
1995,7,cvp,0.17,,,
1995,7,sp,0.27,,,
1995,7,svp,0.145,,,
1995,7,other,0.19,,,
1999,8,fdp,0.215,,,
1999,8,cvp,0.175,,,
1999,8,sp,0.255,,,
1999,8,svp,0.22,,,
1999,8,other,0.135,,,
2003,9,fdp,0.18,-0.897,1.724,0
2003,9,cvp,0.14,-0.897,1.724,0
2003,9,sp,0.26,-0.897,1.724,0
2003,9,svp,0.275,-0.897,1.724,0
2003,9,other,0.145,-0.897,1.724,0
2007,10,fdp,0.155,1.374,-0.045,0
2007,10,cvp,0.155,1.374,-0.045,0
2007,10,sp,0.215,1.374,-0.045,0
2007,10,svp,0.31,1.374,-0.045,0
2007,10,other,0.165,1.374,-0.045,0
2011,11,fdp,0.15,-1.185,0.33,-0.743836941
2011,11,cvp,0.14,-1.185,0.33,-0.743836941
2011,11,sp,0.23,-1.185,0.33,-0.743836941
2011,11,svp,0.27,-1.185,0.33,-0.743836941
2011,11,other,0.21,-1.185,0.33,-0.743836941
2015,12,fdp,0.165,0.92,-0.924,0.468978025
2015,12,cvp,0.135,0.92,-0.924,0.468978025
2015,12,sp,0.215,0.92,-0.924,0.468978025
2015,12,svp,0.325,0.92,-0.924,0.468978025
2015,12,other,0.16,0.92,-0.924,0.468978025
2019,13,fdp,0.145,0.021,-0.057,-0.908752291
2019,13,cvp,0.125,0.021,-0.057,-0.908752291
2019,13,sp,0.195,0.021,-0.057,-0.908752291
2019,13,svp,0.265,0.021,-0.057,-0.908752291
2019,13,other,0.27,0.021,-0.057,-0.908752291
2023,14,fdp,0.14,-0.233,-1.029,1.183611207
2023,14,cvp,0.145,-0.233,-1.029,1.183611207
2023,14,sp,0.205,-0.233,-1.029,1.183611207
2023,14,svp,0.31,-0.233,-1.029,1.183611207
2023,14,other,0.2,-0.233,-1.029,1.183611207